{
  "train_loss": 0.04139866269182885,
  "eval_loss": 0.031174225732684135
}