{
  "train_loss": 2.061788742358868,
  "eval_loss": 1.2112540006637573
}